firstname,middlename,lastname,qualifier,title,role,organization,rank
Rob,,Sass,,,reported,,1
Aurelien,,Breeden,,,reported,,1
Constant,,Méheut,,,reported,,2
Roger,,Cohen,,,reported,,1
Roger,,Cohen,,,reported,,1
Michael,,Barbaro,,,reported,,1
Rachelle,,Bonja,,,reported,,2
Kaitlin,,Roberts,,,reported,,3
Sydney,,Harper,,,reported,,4
Anita,,Badejo,,,reported,,5
Dan,,Powell,,,reported,,6
Elisheba,,Ittoop,,,reported,,7
Chris,,Wood,,,reported,,8
Roger,,Cohen,,,reported,,1
Roger,,Cohen,,,reported,,1
Rim-sarah,,Alouane,,,reported,,1
Paul,,Krugman,,,reported,,1
Norimitsu,,Onishi,,,reported,,1
Constant,,Méheut,,,reported,,2
Roger,,Cohen,,,reported,,1
Norimitsu,,Onishi,,,reported,,1
Constant,,Méheut,,,reported,,2
Aurelien,,Breeden,,,reported,,1
Roger,,Cohen,,,reported,,1
Elisabeth,,Zerofsky,,,reported,,1
Roger,,Cohen,,,reported,,1
Léontine,,Gallois,,,reported,,1
Youtube,,,,,reported,,1
David,,Carr,,,reported,,1
Lynn,,Zinser,,,reported,,1
Marianne,,Rohrlich,,,reported,,1
Conrad,,De Aenlle,,,reported,,1
Alexander,,Burns,,,reported,,1
Joyce,,Maynard,,,reported,,1
Julia,,Preston,,,reported,,1
Ben,,Widdicombe,,,reported,,1
Channon,,Hodge,,,reported,,1
Americans,For,Prosperity,,,reported,,1
Deb,,Amlen,,,reported,,1
Lawrence,,Downes,,,reported,,1
Floyd,,Norris,,,reported,,1
Floyd,,Norris,,,reported,,1
Laugh,,Lines,,,reported,,1
John,,Sullivan,,,reported,,1
Floyd,,Norris,,,reported,,1
Nicholas,,,,,reported,,1
Deb,,Amlen,,,reported,,1
Bob,,Morris,,,reported,,1
Conrad,,De Aenlle,,,reported,,1
Richard,S.,CHANG,,,reported,,1
Vikas,,Bajaj,,,reported,,1
Rosa,,Brooks,,,reported,,1
David,,Barboza,,,reported,,1
Jenny,,Kellner,,,reported,,1
Gail,,Collins,,,reported,,1
Caroline,,Kinneberg,,,reported,,1
Leo,H.,Carney,,,reported,,1
Isabel,,Kershner,,,reported,,1
Steve,,Strunsky,,,reported,,1
Tarik,,El-Bashir,,,reported,,1
Michael,,SZETO,,,reported,,1
Fares,,Akram,,,reported,,1
Ben,,Hubbard,,,reported,,1
Elisabeth,,BUMILLER,,,reported,,1
April,,Dembosky,,,reported,,1
Anthony,,Ramirez,,,reported,,1
Elisabeth,,BUMILLER,,,reported,,1
Richard,,Bernstein,,,reported,,1
Ann,,Leary,,,reported,,1
Conrad,,De Aenlle,,,reported,,1
Anthony,,Ramirez,,,reported,,1
Francis,X.,Clines,,,reported,,1
,,,,,reported,,2
Jonathan,,Fuerbringer,,,reported,,1
Neeti,,Upadhye,,,reported,,1
Corey,,Kilgannon,,,reported,,1
Jonathan,,Gilbert,,,reported,,1
Ben,,Shpigel,,,reported,,1
Krishnan,,Vasudevan,,,reported,,1
Emily,,Rueb,,,reported,,1
Emily,,Rueb,,,reported,,1
Matthew,,Orr,,,reported,,1
Brad,,Spurgeon,,,reported,,1
Stephen,,Farrell,,,reported,,1
Timothy,,Egan,,,reported,,1
Kathryn,,Shattuck,,,reported,,1
Kathryn,,Shattuck,,,reported,,1
Kathryn,,Shattuck,,,reported,,1
Adam,W.,Kepler,,,reported,,1
Adam,W.,Kepler,,,reported,,1
Kathryn,,Shattuck,,,reported,,1
Adam,W.,Kepler,,,reported,,1
Kathryn,,Shattuck,,,reported,,1
Kathryn,,Shattuck,,,reported,,1
Kathryn,,Shattuck,,,reported,,1
Kathryn,,Shattuck,,,reported,,1
Kathryn,,Shattuck,,,reported,,1
Kathryn,,Shattuck,,,reported,,1
Kathryn,,Shattuck,,,reported,,1
Kathryn,,Shattuck,,,reported,,1
Kathryn,,Shattuck,,,reported,,1
Kathryn,,Shattuck,,,reported,,1
Kathryn,,Shattuck,,,reported,,1
Kathryn,,Shattuck,,,reported,,1
Kathryn,,Shattuck,,,reported,,1
Kathryn,,Shattuck,,,reported,,1
Kathryn,,Shattuck,,,reported,,1
Kathryn,,Shattuck,,,reported,,1
Joshua,,Barone,,,reported,,1
Kathryn,,Shattuck,,,reported,,1
Kathryn,,Shattuck,,,reported,,1
Kathryn,,Shattuck,,,reported,,1
Kathryn,,Shattuck,,,reported,,1
Kathryn,,Shattuck,,,reported,,1
Kathryn,,Shattuck,,,reported,,1
Kathryn,,Shattuck,,,reported,,1
Kathryn,,Shattuck,,,reported,,1
Kathryn,,Shattuck,,,reported,,1
Kathryn,,Shattuck,,,reported,,1
Kathryn,,Shattuck,,,reported,,1
Kathryn,,Shattuck,,,reported,,1
Kathryn,,Shattuck,,,reported,,1
Lori,,Holcomb-Holland,,,reported,,1
Alec,,,,,reported,,1
Kathryn,,Shattuck,,,reported,,1
Kathryn,,Shattuck,,,reported,,1
Kathryn,,Shattuck,,,reported,,1
Brandon,K.,Thorp,,,reported,,1
Kathryn,,Shattuck,,,reported,,1
Kathryn,,Shattuck,,,reported,,1
Kathryn,,Shattuck,,,reported,,1
Kathryn,,Shattuck,,,reported,,1
Kathryn,,Shattuck,,,reported,,1
Kathryn,,Shattuck,,,reported,,1
Kathryn,,Shattuck,,,reported,,1
Kathryn,,Shattuck,,,reported,,1
Kathryn,,Shattuck,,,reported,,1
Kathryn,,Shattuck,,,reported,,1
Kathryn,,Shattuck,,,reported,,1
Kathryn,,Shattuck,,,reported,,1
Kathryn,,Shattuck,,,reported,,1
Kathryn,,Shattuck,,,reported,,1
Kathryn,,Shattuck,,,reported,,1
Kathryn,,Shattuck,,,reported,,1
Kathryn,,Shattuck,,,reported,,1
Kathryn,,Shattuck,,,reported,,1
Kathryn,,Shattuck,,,reported,,1
Kathryn,,Shattuck,,,reported,,1
Kathryn,,Shattuck,,,reported,,1
Kathryn,,Shattuck,,,reported,,1
Kathryn,,Shattuck,,,reported,,1
Kathryn,,Shattuck,,,reported,,1
Kathryn,,Shattuck,,,reported,,1
David,,WALDSTEIN,,,reported,,1
Kathryn,,Shattuck,,,reported,,1
Kathryn,,Shattuck,,,reported,,1
Alec,,,,,reported,,1
Kathryn,,Shattuck,,,reported,,1
Kathryn,,Shattuck,,,reported,,1
Kathryn,,Shattuck,,,reported,,1
Kathryn,,Shattuck,,,reported,,1
Kathryn,,Shattuck,,,reported,,1
Kathryn,,Shattuck,,,reported,,1
Alec,,,,,reported,,1
Kathryn,,Shattuck,,,reported,,1
Kathryn,,Shattuck,,,reported,,1
Kathryn,,Shattuck,,,reported,,1
Kathryn,,Shattuck,,,reported,,1
Kathryn,,Shattuck,,,reported,,1
Kathryn,,Shattuck,,,reported,,1
Kathryn,,Shattuck,,,reported,,1
Sam,,Sifton,,,reported,,1
Gabe,,Cohn,,,reported,,1
Gabe,,Cohn,,,reported,,1
Gabe,,Cohn,,,reported,,1
Andrew,R.,Chow,,,reported,,1
Kathryn,,Shattuck,,,reported,,1
Gabe,,Cohn,,,reported,,1
Gabe,,Cohn,,,reported,,1
Andrew,R.,Chow,,,reported,,1
Angel,,Franco,,,reported,,1
David,W.,Dunlap,,,reported,,2
Andrew,R.,Chow,,,reported,,1
Lauren,,Messman,,,reported,,1
Kathryn,,Shattuck,,,reported,,1
Ivan,,Penn,,,reported,,1
Eric,,Adelson,,,reported,,1
Amanda,,Holpuch,,,reported,,2
Nick,,Madigan,,,reported,,3
Matthew,,Goldstein,,,reported,,1
Lisa,,Friedman,,,reported,,1
Michael,,Levenson,,,reported,,1
Ivan,,Penn,,,reported,,1
Ruth,,Fremson,,,reported,,2
Vikas,,Bajaj,,,reported,,1
Vikas,,Bajaj,,,reported,,1
Stanley,,Reed,,,reported,,1
Storyful,,,,,reported,,1
,,,,,reported,,2
,,,,,reported,,3
Vikas,,Bajaj,,,reported,,1
Vikas,,Bajaj,,,reported,,1
Stanley,,Reed,,,reported,,1
Storyful,,,,,reported,,1
,,,,,reported,,2
,,,,,reported,,3
Christine,,Chung,,,reported,,1
Eshe,,Nelson,,,reported,,1
Coral,Murphy,Marcos,,,reported,,1
Erika,P.,Rodriguez,,,reported,,2
Ben,,Hubbard,,,reported,,1
Hwaida,,Saad,,,reported,,2
,,,,,reported,,3
Ian,W.,Toll,,,reported,,1
Motoko,,Rich,,,reported,,1
Hikari,,Hida,,,reported,,2
Margaret,,Renkl,,,reported,,1
Benjamin,,Mullin,,,reported,,1
David,,Gelles,,,reported,,1
Renaud,,Philippe,,,reported,,2
Clifford,,Krauss,,,reported,,1
Liz,,Alderman,,,reported,,1
Stanley,,Reed,,,reported,,2
Ivan,,Penn,,,reported,,1
Henry,,Fountain,,,reported,,1
Keith,,Bradsher,,,reported,,1
Lisa,,Friedman,,,reported,,1
Isabella,,Kwai,,,reported,,1
Ben,,Dooley,,,reported,,1
Hisako,,Ueno,,,reported,,2
Clifford,,Krauss,,,reported,,1
Jesus,,Jiménez,,,reported,,1
Eduardo,,Medina,,,reported,,2
Peter,,Eavis,,,reported,,1
Lindsay,,Crouse,,,reported,,1
Helen,,Thompson,,,reported,,1
Sebastian,,Modak,,,reported,,1
Mike,,Hale,,,reported,,1
Ronda,,Kaysen,,,reported,,1
Jessica,,Stolzberg,,,reported,,1
Coral,Murphy,Marcos,,,reported,,1
Jane,,Margolies,,,reported,,1
Christine,,Chung,,,reported,,1
Ivan,,Penn,,,reported,,1
Eshe,,Nelson,,,reported,,1
Eduardo,,Medina,,,reported,,1
Melissa,,Eddy,,,reported,,1
Noor,,Qasim,,,reported,,1
Christine,,Chung,,,reported,,1
Anne,,Barnard,,,reported,,1
Raymond,,Zhong,,,reported,,1
Jack,,Ewing,,,reported,,1
Clifford,,Krauss,,,reported,,2
Johnny,,Diaz,,,reported,,1
Lauren,,Christensen,,,reported,,1
Nancy,,Ramsey,,,reported,,1
Brooks,,Barnes,,,reported,,1
Nicole,,Sperling,,,reported,,2
Christopher,,Flavelle,,,reported,,1
Julie,,Tate,,,reported,,2
Erin,,Schaff,,,reported,,3
Gabe,,Cohn,,,reported,,1
Brooks,,Barnes,,,reported,,1
Nicole,,Sperling,,,reported,,2
Kyle,,Buchanan,,,reported,,1
Clifford,,Krauss,,,reported,,1
David,,Brooks,,,reported,,1
Kyle,,Buchanan,,,reported,,1
Katy,,Reckdahl,,,reported,,1
Emily,,Lane,,,reported,,2
Tariro,,Mzezewa,,,reported,,3
Storyful,,,,,reported,,1
Patricia,,Cohen,,,reported,,1
Stanley,,Reed,,,reported,,2
David,,Yaffe-Bellany,,,reported,,1
Julian,E.,Zelizer,,,reported,,1
Wesley,,Morris,,,reported,,1
Lisa,,Friedman,,,reported,,1
Sarah,,Bahr,,,reported,,1
David,,Gelles,,,reported,,1
Lisa,,Friedman,,,reported,,2
Patrick,,McGeehan,,,reported,,1
Ian,,Austen,,,reported,,1
Alex,,Marshall,,,reported,,1
Kyle,,Buchanan,,,reported,,1
Stanley,,Reed,,,reported,,1
Catrin,,Einhorn,,,reported,,1
Lisa,,Friedman,,,reported,,2
Ivan,,Penn,,,reported,,1
Lisa,,Friedman,,,reported,,1
Motoko,,Rich,,,reported,,1
Eric,,Nagourney,,,reported,,2
Carole,,Landry,,,reported,,1
Stanley,,Reed,,,reported,,1
Neil,,Vigdor,,,reported,,1
Laura,,Zornosa,,,reported,,1
Nicole,,Sperling,,,reported,,1
Simone,,Tagliapietra,,,reported,,1
Georg,,Zachmann,,,reported,,2
Morgan,,Bazilian,,,reported,,3
Ronda,,Kaysen,,,reported,,1
Choe,,Sang-Hun,,,reported,,1
Valerie,,Hopkins,,,reported,,1
William,J.,Broad,,,reported,,2
Choe,,Sang-Hun,,,reported,,1
William,J.,Broad,,,reported,,1
Somini,,Sengupta,,,reported,,1
Richard,,Sandomir,,,reported,,1
Anne,,Barnard,,,reported,,1
Michael,,Downey,,,reported,,1
Mark,,Boyer,,,reported,,2
Taras,,Ratushnyy,,,reported,,3
Michael,,,,,reported,,1
Alan,,Rappeport,,,reported,,1
Patricia,,Cohen,,,reported,,1
Jamie,Lee,Taete,,,reported,,1
Lydia,,DePillis,,,reported,,1
Ro,,Khanna,,,reported,,1
Ana,,Swanson,,,reported,,1
John,,Ismay,,,reported,,2
Edward,,Wong,,,reported,,3
Peter,,Eavis,,,reported,,1
Talmon,Joseph,Smith,,,reported,,2
Alexandra,,Stevenson,,,reported,,1
Sapna,,Maheshwari,,,reported,,2
Andrew,Ross,Sorkin,,,reported,,1
Vivian,,Giang,,,reported,,2
Stephen,,Gandel,,,reported,,3
Lauren,,Hirsch,,,reported,,4
Ephrat,,Livni,,,reported,,5
Jenny,,Gross,,,reported,,6
Reed,,Abelson,,,reported,,1
Craig,S.,Smith,,,reported,,1
Zolan,,Kanno-Youngs,,,reported,,1
Peter,,Baker,,,reported,,2
Christina,,Szalinski,,,reported,,1
Annie,,Karni,,,reported,,1
Emily,,Cochrane,,,reported,,2
Ben,,Dooley,,,reported,,1
Hisako,,Ueno,,,reported,,2
Jeanna,,Smialek,,,reported,,1
Christina,,Jewett,,,reported,,1
Amelia,,Nierenberg,,,reported,,1
Andrew,Ross,Sorkin,,,reported,,1
Stephen,,Gandel,,,reported,,2
Lauren,,Hirsch,,,reported,,3
Ephrat,,Livni,,,reported,,4
Jenny,,Gross,,,reported,,5
Vivian,,Giang,,,reported,,6
Anna,,Schaverien,,,reported,,7
David,,Leonhardt,,,reported,,1
Jessica,,Grose,,,reported,,1
Ilaria,,Parogni,,,reported,,1
Amelia,,Nierenberg,,,reported,,1
Keith,,Bradsher,,,reported,,1
Jeff,,Sommer,,,reported,,1
Lindsay,,Owens,,,reported,,1
Keith,,Bradsher,,,reported,,1
Ana,,Swanson,,,reported,,1
Peter,S.,Goodman,,,reported,,1
Jeanna,,Smialek,,,reported,,1
Ana,,Swanson,,,reported,,2
Lisa,,Friedman,,,reported,,1
Andrew,Ross,Sorkin,,,reported,,1
Vivian,,Giang,,,reported,,2
Stephen,,Gandel,,,reported,,3
Lauren,,Hirsch,,,reported,,4
Ephrat,,Livni,,,reported,,5
David,F.,Gallagher,,,reported,,6
Jenny,,Gross,,,reported,,7
Alan,,Rappeport,,,reported,,1
Jeanna,,Smialek,,,reported,,1
Ben,,Casselman,,,reported,,2
Andrew,Ross,Sorkin,,,reported,,1
Jason,,Karaian,,,reported,,2
Vivian,,Giang,,,reported,,3
Stephen,,Gandel,,,reported,,4
Lauren,,Hirsch,,,reported,,5
Ephrat,,Livni,,,reported,,6
Jenny,,Gross,,,reported,,7
David,F.,Gallagher,,,reported,,8
Anna,,Schaverien,,,reported,,9
Paul,,Krugman,,,reported,,1
Coral,Murphy,Marcos,,,reported,,1
Julie,,Weed,,,reported,,1
Peter,S.,Goodman,,,reported,,1
Ben,,Casselman,,,reported,,1
Ana,,Swanson,,,reported,,2
Andrew,Ross,Sorkin,,,reported,,1
Jason,,Karaian,,,reported,,2
Vivian,,Giang,,,reported,,3
Stephen,,Gandel,,,reported,,4
Lauren,,Hirsch,,,reported,,5
Ephrat,,Livni,,,reported,,6
Jenny,,Gross,,,reported,,7
Anna,,Schaverien,,,reported,,8
Jack,,Ewing,,,reported,,1
Alan,,Rappeport,,,reported,,1
Ana,,Swanson,,,reported,,2
Keith,,Bradsher,,,reported,,1
Marie,,Solis,,,reported,,1
Conor,,Dougherty,,,reported,,1
Jeanna,,Smialek,,,reported,,2
Steven,,Rattner,,,reported,,1
Karen,,Weise,,,reported,,1
Keith,,Bradsher,,,reported,,1
Paul,,Krugman,,,reported,,1
Sway',,,,,reported,,1
Jeanna,,Smialek,,,reported,,1
Jeanna,,Smialek,,,reported,,1
Liz,,Alderman,,,reported,,1
Peter,S.,Goodman,,,reported,,1
Jack,,Ewing,,,reported,,1
Ceylan,,Yeginsu,,,reported,,1
Peter,S.,Goodman,,,reported,,1
Jack,,Ewing,,,reported,,1
Clifford,,Krauss,,,reported,,2
Ana,,Swanson,,,reported,,1
Jeanna,,Smialek,,,reported,,1
Victoria,,Gomelsky,,,reported,,1
Keith,,Bradsher,,,reported,,1
Jeanna,,Smialek,,,reported,,1
Ana,,Swanson,,,reported,,1
Photographs,,,,,reported,,1
Text,Gary,He,,,reported,,2
Jenny,,Gross,,,reported,,1
Jack,,Ewing,,,reported,,1
Stephen,,Gandel,,,reported,,2
Jeff,,Sommer,,,reported,,1
Peter,,Eavis,,,reported,,1
Jack,,Ewing,,,reported,,1
Matthew,,Haag,,,reported,,1
Don,,Clark,,,reported,,1
Adam,,Satariano,,,reported,,2
Robin,,Kaiser-Schatzlein,,,reported,,1
Peter,S.,Goodman,,,reported,,1
Jack,,Ewing,,,reported,,1
Liz,,Alderman,,,reported,,1
Jenny,,Gross,,,reported,,2
James,,Barron,,,reported,,1
Blake,,Hounshell,,,reported,,1
Leah,,Askarinam,,,reported,,2
Ana,,Swanson,,,reported,,1
Andrew,Ross,Sorkin,,,reported,,1
Jason,,Karaian,,,reported,,2
Sarah,,Kessler,,,reported,,3
Stephen,,Gandel,,,reported,,4
Michael,J.,de la Merced,,,reported,,5
Lauren,,Hirsch,,,reported,,6
Ephrat,,Livni,,,reported,,7
Jack,,Ewing,,,reported,,1
Michael,J.,Puma,,,reported,,1
Megan,,Konar,,,reported,,2
Joe,,Nocera,,,reported,,1
Ana,,Swanson,,,reported,,1
Nina,,Roberts,,,reported,,1
Liza,,Weisstuch,,,reported,,1
Monika,,Pronczuk,,,reported,,1
Zolan,,Kanno-Youngs,,,reported,,1
Jonathan,,Weisman,,,reported,,2
Emily,,Cochrane,,,reported,,3
Jeanna,,Smialek,,,reported,,1
Ana,,Swanson,,,reported,,1
Eric,,Schmitt,,,reported,,1
Julian,E.,Barnes,,,reported,,2
David,,Dayen,,,reported,,1
Ana,,Swanson,,,reported,,1
Alan,,Rappeport,,,reported,,2
Jeanna,,Smialek,,,reported,,1
Ana,,Swanson,,,reported,,2
Susan,,Burton,,,reported,,1
Michael,,Paulson,,,reported,,1
Maureen,,Dowd,,,reported,,1
Jeannette,,Catsoulis,,,reported,,1
Woody,,Hochswender,,,reported,,1
Marilyn,,Stasio,,,reported,,1
Marc,,Ecko,,,reported,,1
Charles,,Solomon,,,reported,,1
Mike,,Freeman,,,reported,,1
Mariam,,Barghouti,,,reported,,1
Yolanda,A.,Andrews,,,reported,,1
Alessandra,,Stanley,,,reported,,1
Bob,,Morris,,,reported,,1
Bob,,Morris,,,reported,,1
A.,O.,Scott,,,reported,,1
Thomas,,Gaffney,,,reported,,1
Charles,,,,,reported,,1
Joyce,,Wadler,,,reported,,1
Laugh,,Lines,,,reported,,1
Jerry,,Garrett,,,reported,,1
Dave,,Taft,,,reported,,1
Tom,,De Haven,,,reported,,1
Dave,,Cullen,,,reported,,1
Stephen,,Holden,,,reported,,1
Laura,,Kipnis,,,reported,,1
Mark,,Bittman,,,reported,,1
Elizabeth,,Dwoskin,,,reported,,1
Paul,,Conlow,,,reported,,1
Ruth,Andrew,Ellenson,,,reported,,1
Jennifer,,Senior,,,reported,,1
Bob,,Morris,,,reported,,1
Randy,,Cohen,,,reported,,1
Will,,Self,,,reported,,1
Clyde,,Haberman,,,reported,,1
Mark,,Derr,,,reported,,1
Roy,,FURCHGOTT,,,reported,,1
Jere,,Longman,,,reported,,1
Ruth,Andrew,Ellenson,,,reported,,1
Jackson,,Lears,,,reported,,1
Kim,,Severson,,,reported,,1
Andrew,,Martin,,,reported,,2
Sara,,Mosle,,,reported,,1
Natalie,,Proulx,,,reported,,1
Joel,,Keller,,,reported,,1
Claude,,Brown,,,reported,,1
Leah,Hager,Cohen,,,reported,,1
Linda,,Greenhouse,,,reported,,1
Alfred,,Appel,Jr,,reported,,1
Butler,E.,Brewton,,,reported,,1
Paul,,Krugman,,,reported,,1
Tom,,Kuntz,,,reported,,1
Timothy,,Egan,,,reported,,1
Stephanie,,Goodman,,,reported,,1
Alberto,,Cairo,,,reported,,1
Tala,,Schlossberg,,,reported,,2
Ian,,Frazier,,,reported,,1
Mike,,Males,,,reported,,1
Meda-chesney,,Lind,,,reported,,2
Rachel,,Fabi,,,reported,,1
Nicholas,,Kristof,,,reported,,1
George,,Vecsey,,,reported,,1
Maureen,,Dowd,,,reported,,1
Ginia,,Bellafante,,,reported,,1
Paul,,Krugman,,,reported,,1
John,,Sutherland,,,reported,,1
L.,R.,Shannon,,,reported,,1
Jill,,Stewart,,,reported,,1
Sarah,,Kavanagh,,,reported,,1
Bridget,,Anderson,,,reported,,2
Joe,,Nocera,,,reported,,1
Katherine,,Taylor,,,reported,,1
Tom,,Kuntz,,,reported,,1
Kyle,,Spencer,,,reported,,1
Damon,,Darlin,,,reported,,1
Judith,,Warner,,,reported,,1
Andy,,Webster,,,reported,,1
Dave,,Kehr,,,reported,,1
Eric,,Etheridge,,,reported,,1
Nytimes,,,,,reported,,1
Gordon,,ADAMS,,,reported,,1
Matthew,Leatherman,TRIBUNE,,,reported,,2
Bonnie,,Tsui,,,reported,,1
Joe,,Queenan,,,reported,,1
Caryn,,James,,,reported,,1
Maureen,,Dowd,,,reported,,1
David,,Winzelberg,,,reported,,1
Alexis,,Soloski,,,reported,,1
Roxane,,Gay,,,reported,,1
Damon,,Hack,,,reported,,1
Mike,,Katz,,,reported,,1
Lawrie,,Mifflin,,,reported,,2
Scott,,Atran,,,reported,,1
Sara,,Ivry,,,reported,,1
Thomas,L.,Friedman,,,reported,,1
Mike,,Zwerin,,,reported,,1
International,Herald,Tribune,,,reported,,2
James,,Gorman,,,reported,,1
Richard,,Sima,,,reported,,1
Apoorva,,Mandavilli,,,reported,,1
Carl,,Zimmer,,,reported,,1
Rebecca,,Robbins,,,reported,,2
Siobhan,,Roberts,,,reported,,1
Roni,Caryn,Rabin,,,reported,,1
Apoorva,,Mandavilli,,,reported,,1
Jack,,Tamisiea,,,reported,,1
Roni,Caryn,Rabin,,,reported,,1
Kate,,Golembiewski,,,reported,,1
Emily,,Anthes,,,reported,,1
Veronique,,Greenwood,,,reported,,1
Benjamin,,Mueller,,,reported,,1
Eleanor,,Lutz,,,reported,,2
Rachel,,Nuwer,,,reported,,1
Emily,,Anthes,,,reported,,1
Asher,,Elbein,,,reported,,1
Dalmeet,Singh,Chawla,,,reported,,1
Jason,,Bittel,,,reported,,1
Franz,,Lidz,,,reported,,1
Nicholas,,Bakalar,,,reported,,1
Apoorva,,Mandavilli,,,reported,,1
Kenneth,,Chang,,,reported,,1
Alex,,Marshall,,,reported,,1
Cade,,Metz,,,reported,,1
Joshua,Rapp,Learn,,,reported,,1
Apoorva,,Mandavilli,,,reported,,1
Emily,,Anthes,,,reported,,1
Kenneth,,Chang,,,reported,,1
Roni,Caryn,Rabin,,,reported,,1
Nasa,,Tv,,,reported,,1
,,,,,reported,,2
Carolyn,,Wilke,,,reported,,1
Emily,,Anthes,,,reported,,1
Kenneth,,Chang,,,reported,,1
Azeen,,Ghorayshi,,,reported,,1
Jan,,Hoffman,,,reported,,1
Jason,,Bittel,,,reported,,1
Apoorva,,Mandavilli,,,reported,,1
Apoorva,,Mandavilli,,,reported,,1
Pam,,Belluck,,,reported,,1
Elizabeth,,Preston,,,reported,,1
Veronique,,Greenwood,,,reported,,1
Carl,,Zimmer,,,reported,,1
Sarah,,Scoles,,,reported,,1
Apoorva,,Mandavilli,,,reported,,1
Amos,,Zeeberg,,,reported,,1
Nicholas,,Bakalar,,,reported,,1
Jennifer,,Pinkowski,,,reported,,1
Pam,,Belluck,,,reported,,1
Ferris,,Jabr,,,reported,,1
Dennis,,Overbye,,,reported,,1
Apoorva,,Mandavilli,,,reported,,1
Gina,,Kolata,,,reported,,1
Henry,,Fountain,,,reported,,1
Benjamin,,Mueller,,,reported,,1
Matt,,Richtel,,,reported,,1
Annie,,Flanagan,,,reported,,2
Katharine,Q.,Seelye,,,reported,,1
Veronique,,Greenwood,,,reported,,1
Sam,,Jones,,,reported,,1
Paula,,Span,,,reported,,1
Matt,,Richtel,,,reported,,1
Annie,,Flanagan,,,reported,,2
Anthony,,Ham,,,reported,,1
Dennis,,Overbye,,,reported,,1
Jack,,Tamisiea,,,reported,,1
Annie,,Roth,,,reported,,1
Catrin,,Einhorn,,,reported,,1
Roni,Caryn,Rabin,,,reported,,1
Roni,Caryn,Rabin,,,reported,,1
William,J.,Broad,,,reported,,1
Azeen,,Ghorayshi,,,reported,,1
Emily,,Anthes,,,reported,,1
Elizabeth,,Preston,,,reported,,1
Rocket,Lab,Via,,,reported,,1
Carolyn,,Wilke,,,reported,,1
Kenneth,,Chang,,,reported,,1
Nicholas,,Bakalar,,,reported,,1
Veronique,,Greenwood,,,reported,,1
Sabrina,,Imbler,,,reported,,1
Asher,,Elbein,,,reported,,1
Catrin,,Einhorn,,,reported,,1
James,,Gorman,,,reported,,1
Sabrina,,Imbler,,,reported,,1
Carl,,Zimmer,,,reported,,1
Kenneth,,Chang,,,reported,,1
Carl,,Zimmer,,,reported,,1
Apoorva,,Mandavilli,,,reported,,1
Pam,,Belluck,,,reported,,1
Alanna,,Mitchell,,,reported,,1
Dennis,,Overbye,,,reported,,1
Matt,,Richtel,,,reported,,1
Annie,,Flanagan,,,reported,,2
Paula,,Span,,,reported,,1
Emily,,Anthes,,,reported,,1
Benjamin,,Mueller,,,reported,,1
Jan,,Hoffman,,,reported,,2
Sabrina,,Imbler,,,reported,,1
Apoorva,,Mandavilli,,,reported,,1
Kenneth,,Chang,,,reported,,1
Benjamin,,Mueller,,,reported,,1
Jason,,Bittel,,,reported,,1
Emily,,Anthes,,,reported,,1
Rebecca,,Dzombak,,,reported,,1
Denny,,Lee,,,reported,,1
Vanessa,,Friedman,,,reported,,1
Denny,,Lee,,,reported,,1
Vanessa,,Friedman,,,reported,,1
Jessica,,Testa,,,reported,,1
Vanessa,,Friedman,,,reported,,1
Vanessa,,Friedman,,,reported,,1
Vanessa,,Friedman,,,reported,,1
Vanessa,,Friedman,,,reported,,1
Annabel,,Davidson,,,reported,,1
Tanya,,Dukes,,,reported,,1
Kathleen,,Beckett,,,reported,,1
Abigail,R.,Esman,,,reported,,1
Vivian,,Morelli,,,reported,,1
Tanya,,Dukes,,,reported,,1
Janelle,,Conaway,,,reported,,1
Whitney,,Bauck,,,reported,,1
Vanessa,,Friedman,,,reported,,1
Vanessa,,Friedman,,,reported,,1
Jessica,,Testa,,,reported,,2
Guy,,Trebay,,,reported,,1
Vanessa,,Friedman,,,reported,,1
Jon,,Caramanica,,,reported,,1
Jessica,,Iredale,,,reported,,1
Jon,,Caramanica,,,reported,,1
Nick,,Haramis,,,reported,,1
Vanessa,,Friedman,,,reported,,1
Chris,,Colin,,,reported,,1
Megan,,Bradley,,,reported,,1
Vanessa,,Friedman,,,reported,,1
Vanessa,,Friedman,,,reported,,1
Kristin-lee,,Moolman,,,reported,,1
Jacob,K,,,,reported,,2
Vanessa,,Friedman,,,reported,,1
Elaine,,Louie,,,reported,,1
Vanessa,,Friedman,,,reported,,1
Lindsay,,Talbot,,,reported,,1
Vanessa,,Friedman,,,reported,,1
Salamishah,,Tillet,,,reported,,2
Jessica,,Testa,,,reported,,1
Miranda,,Barnes,,,reported,,1
Sasha,,Kelly,,,reported,,2
Mari,,Maeda,,,reported,,1
Yuji,,Oboshi,,,reported,,2
Véronique,,Hyland,,,reported,,1
Vanessa,,Friedman,,,reported,,1
Vanessa,,Friedman,,,reported,,1
Vanessa,,Friedman,,,reported,,1
Vanessa,,Friedman,,,reported,,1
Landon,,Nordeman,,,reported,,1
Elizabeth,,Bristow,,,reported,,2
Jacob,,Bernstein,,,reported,,1
Ben,,Detrick,,,reported,,2
André,,Wheeler,,,reported,,3
Vanessa,,Friedman,,,reported,,1
Jessica,,Testa,,,reported,,1
Jessica,,Testa,,,reported,,1
Jessica,,Testa,,,reported,,1
Jessica,,Testa,,,reported,,1
Kerry,,Olsen,,,reported,,1
Vanessa,,Friedman,,,reported,,1
Vanessa,,Friedman,,,reported,,1
Jacob,,Bernstein,,,reported,,1
Vanessa,,Friedman,,,reported,,1
Ginia,,Bellafante,,,reported,,1
Vanessa,,Friedman,,,reported,,1
Vanessa,,Friedman,,,reported,,1
John,,Wogan,,,reported,,1
Zoey,,Poll,,,reported,,1
Jameson,,Montgomery,,,reported,,1
Johnny,,Diaz,,,reported,,1
Vanessa,,Friedman,,,reported,,1
Nick,,Haramis,,,reported,,1
Nick,,Haramis,,,reported,,1
Vanessa,,Friedman,,,reported,,1
Jessica,,Iredale,,,reported,,1
Vanessa,,Friedman,,,reported,,1
Landon,,Nordeman,,,reported,,1
Elizabeth,,Bristow,,,reported,,2
Steven,,Kurutz,,,reported,,1
Jessica,,Iredale,,,reported,,1
Ivy,,Manners,,,reported,,1
Rhonda,,Garelick,,,reported,,1
Vanessa,,Friedman,,,reported,,1
Vanessa,,Friedman,,,reported,,1
Laura,May,Todd,,,reported,,1
Jessica,,Testa,,,reported,,1
Shane,,O'Neill,,,reported,,1
Danielle,,Braff,,,reported,,1
Shane,,O'Neill,,,reported,,1
Vanessa,,Friedman,,,reported,,1
Vanessa,,Friedman,,,reported,,1
Gina,,Cherelus,,,reported,,1
Vanessa,,Friedman,,,reported,,1
Sophie,,Haigney,,,reported,,1
Victoria,,Gomelsky,,,reported,,1
Ming,,Liu,,,reported,,1
Vanessa,,Friedman,,,reported,,1
Vanessa,,Friedman,,,reported,,1
Susan,,Kirschbaum,,,reported,,1
Tariro,,Mzezewa,,,reported,,1
Lily,,Koppel,,,reported,,1
Bill,,Cunningham,,,reported,,1
Margaret,,Atwood,,,reported,,1
Antoinette,,Martin,,,reported,,1
Todd,,Selby,,,reported,,1
Abby,,Aguirre,,,reported,,2
Peter,,,,,reported,,1
Jessica,,Michault,,,reported,,1
Catherine,,Jones,,,reported,,1
Bill,,Pennington,,,reported,,1
Ming,,Liu,,,reported,,1
Bill,,Cunningham,,,reported,,1
Bill,,Finley,,,reported,,1
David,,Carr,,,reported,,1
Nancy,,MacDonell,,,reported,,1
Jennifer,,Tung,,,reported,,1
Rachel,,Fabi,,,reported,,1
Jennifer,,Laing,,,reported,,1
Lynn,,Hirschberg,,,reported,,1
Mark,,Bittman,,,reported,,1
Philip,,Taubman,,,reported,,1
Ellen,,Tien,,,reported,,1
Shawn,G.,Kennedy,,,reported,,1
Leslie,,Kandell,,,reported,,1
Jonathan,,Miles,,,reported,,1
Martha,Rose,Shulman,,,reported,,1
Alex,,Orr,Jr,,reported,,1
James,,,,,reported,,1
Kirk,,Johnson,,,reported,,1
,,,,,reported,,1
Ken,,Jaworowski,,,reported,,1
Joshua,,Robinson,,,reported,,1
Florence,,Fabricant,,,reported,,1
Carol,,Kino,,,reported,,1
Tom,,Zeller,Jr,,reported,,1
George,,Vecsey,,,reported,,1
Abby,,Ellin,,,reported,,1
Benjamin,,Genocchio,,,reported,,1
David,,Pogue,,,reported,,1
Bill,,Pennington,,,reported,,1
Joan,,Nathan,,,reported,,1
Suzanne,,Slesin,,,reported,,1
Roger,,Cohen,,,reported,,1
Melena,,Ryzik,,,reported,,1
Ruth,,La Ferla,,,reported,,1
Joe,,Sexton,,,reported,,1
Andrew,Adam,Newman,,,reported,,1
Martha,Rose,Shulman,,,reported,,1
Patricia,,Peterson,,,reported,,1
Florence,,Fabricant,,,reported,,1
Mark,,Scheerer,,,reported,,1
Wendell,,Jamieson,,,reported,,1
Joel,,Myers,,,reported,,1
Thayer,,Evans,,,reported,,1
Hans,,Fantel,,,reported,,1
Jack,,Curry,,,reported,,1
Allison,,Arieff,,,reported,,1
Serge,,Schmemann,,,reported,,1
James,G.,Cobb,,,reported,,1
Benjamin,,Cheever,,,reported,,1
Jack,,Ewing,,,reported,,1
David,,Brooks,,,reported,,1
Patricia,A.,Taylor,,,reported,,1
Michael,,Winerip,,,reported,,1
Jerry,,Garrett,,,reported,,1
Elisabeth,,Ginsburg,,,reported,,1
Jack,,Bell,,,reported,,1
Frank,,Bruni,,,reported,,1
Thane,,Rosenbaum,,,reported,,1
Liz,,Robbins,,,reported,,1
Thomas,L.,Friedman,,,reported,,1
Benjamin,,Toff,,,reported,,1
Jay,,Romano,,,reported,,1
David,,Tanis,,,reported,,1
Joe,,Sexton,,,reported,,1
,,,,,reported,,2
Beatrice,,Loayza,,,reported,,1
Joe,,Drape,,,reported,,1
Kevin,,Roose,,,reported,,1
Floyd,,Norris,,,reported,,1
Paul,,Krugman,,,reported,,1
Bill,,Pennington,,,reported,,1
Nicholas,,Wade,,,reported,,1
Jim,,SQUIRES,,,reported,,1
Robert,E.,Bryan,,,reported,,1
Ronald,W.,Dollens,,,reported,,1
Pete,,Thamel,,,reported,,1
William,C.,Rhoden,,,reported,,1
Cesar,R.,TORRES,,,reported,,1
Jim,,Dwyer,,,reported,,1
Fred,A.,Bernstein,,,reported,,1
Anne,,Midgette,,,reported,,1
Floyd,,Norris,,,reported,,1
Carole-terese,,Naser,,,reported,,1
Floyd,,Norris,,,reported,,1
Kevin,,Phillips,,,reported,,1
David,S.,Joachim,,,reported,,1
Michael,,Janofsky,,,reported,,1
William,,Safire,,,reported,,1
Alvin,,Klein,,,reported,,1
Arthur,E.,MEYERHOFF,,,reported,,1
Joe,,Drape,,,reported,,1
Howard,G.,Goldberg,,,reported,,1
David,,Leonhardt,,,reported,,1
Amy,,Labie,,,reported,,1
David,,Leonhardt,,,reported,,1
Tom,,Rosenstiel,,,reported,,1
Jim,,Squires,,,reported,,1
Katherine,,Schulten,,,reported,,1
Selena,,Roberts,,,reported,,1
David,,Waldstein,,,reported,,1
Ira,,Berkow,,,reported,,1
Stanley,,Fish,,,reported,,1
Cesar,R.,Torres,,,reported,,1
Nicholas,,Confessore,,,reported,,1
C.,Gerald,Fraser,,,reported,,1
Floyd,,Norris,,,reported,,1
Hubbell,,ROBINSON,,,reported,,1
Allen,,BENTLEY,,,reported,,1
Jameson,W.,Doig,,,reported,,1
John,K.,SPAFFORD,Jr,,reported,,1
Jeff,,Jacoby,,,reported,,1
Jon,,Pareles,,,reported,,1
Charles,S.,Levy,,,reported,,1
David,,,,,reported,,1
Thomas,Quinn,Curtiss,,,reported,,1
International,Herald,Tribune,,,reported,,2
Damon,,Hack,,,reported,,1
Maureen,,Dowd,,,reported,,1
Leah,,,,,reported,,1
Richard,,Pérez-Peña,,,reported,,1
Joseph,P.,Fried,,,reported,,1
Robert,,Mcg,,,reported,,2
Ron,,Dicker,,,reported,,1
Roberto,,Suro,,,reported,,1
Joe,,Drape,,,reported,,1
Burton,K.,Wheeler,,,reported,,1
Jeff,,Zeleny,,,reported,,1
Ross,,Ramsey,,,reported,,1
Pete,,Wells,,,reported,,1
Andrew,C.,Revkin,,,reported,,1
Cyrus,,Sanati,,,reported,,1
Sanjoy,,Hazarika,,,reported,,1
,,,,,reported,,2
Kenneth,W.,Starr,,,reported,,1
Harris,,VENNEMA,,,reported,,1
Jennifer,,,,,reported,,1
Frank,,Lynn,,,reported,,1
Robin,,Finn,,,reported,,1
Suzy,,Menkes,,,reported,,1
Alex,,Yannis,,,reported,,1
,,,,,reported,,2
Eric,,Pfanner,,,reported,,1
Alison,Leigh,Cowan,,,reported,,1
Stacey,,Stowe,,,reported,,2
Andrew,Todd,NEWBERRY,,,reported,,1
Janet,,Maslin,,,reported,,1
Cleve,,GRAY,,,reported,,1
Erik,,Piepenburg,,,reported,,1
Craig,S.,Smith,,,reported,,1
Eric,,Asimov,,,reported,,1
Florence,,Fabricant,,,reported,,1
Florence,,Fabricant,,,reported,,1
Eric,,Kim,,,reported,,1
Florence,,Fabricant,,,reported,,1
Pete,,Wells,,,reported,,1
Zinara,,Rathnayake,,,reported,,1
Aimee,,Farrell,,,reported,,1
Ligaya,,Mishan,,,reported,,1
Anthony,,Cotsifas,,,reported,,2
Leilin,,Lopez-Toledo,,,reported,,3
Pete,,Wells,,,reported,,1
Victoria,,Petersen,,,reported,,1
Vivian,,Wang,,,reported,,1
Joy,,Dong,,,reported,,2
Christina,,Morales,,,reported,,1
Pete,,Wells,,,reported,,1
Julia,,Carmel,,,reported,,1
Laura,,Rysman,,,reported,,1
Priya,,Krishna,,,reported,,1
Bryan,,Washington,,,reported,,1
Maria,,Cramer,,,reported,,1
Florence,,Fabricant,,,reported,,1
Brett,,Anderson,,,reported,,1
Alice,,Newell-Hanson,,,reported,,1
Florence,,Fabricant,,,reported,,1
Andrew,,Cotto,,,reported,,1
Julie,,Creswell,,,reported,,1
Melissa,,Clark,,,reported,,1
Florence,,Fabricant,,,reported,,1
Robert,,Simonson,,,reported,,1
Rima,,Suqi,,,reported,,1
Yotam,,Ottolenghi,,,reported,,1
Florence,,Fabricant,,,reported,,1
Bryan,,Washington,,,reported,,1
Florence,,Fabricant,,,reported,,1
Pete,,Wells,,,reported,,1
Victoria,,Petersen,,,reported,,1
Florence,,Fabricant,,,reported,,1
David,,Wallace-Wells,,,reported,,1
Andrew,,Higgins,,,reported,,1
Erika,,Solomon,,,reported,,2
Margalit,,Fox,,,reported,,1
Becky,,Hughes,,,reported,,1
Mark,,Landler,,,reported,,1
Matina,,Stevis-Gridneff,,,reported,,2
Erika,,Solomon,,,reported,,3
Patricia,,Cohen,,,reported,,4
Eric,,Schlosser,,,reported,,1
Declan,,Walsh,,,reported,,1
Valerie,,Hopkins,,,reported,,2
Nancy,,Wartik,,,reported,,1
Daniel,E.,Slotnik,,,reported,,2
Vimal,,Patel,,,reported,,1
Carl,,Zimmer,,,reported,,1
Rebecca,,Robbins,,,reported,,2
Elisabeth,,Donnelly,,,reported,,1
Elian,,Peltier,,,reported,,1
Annaliese,,Griffin,,,reported,,1
Amanda,,Holpuch,,,reported,,1
Sheryl,Gay,Stolberg,,,reported,,1
Michael,,,,,reported,,1
Michael,,Levenson,,,reported,,1
Jaime,,Lowe,,,reported,,1
Shira,,Ovide,,,reported,,1
Farnaz,,Fassihi,,,reported,,1
Jennifer,,Reese,,,reported,,1
Sameer,,Yasir,,,reported,,1
Victoria,,Kim,,,reported,,2
Michael,,Barbaro,,,reported,,1
Stella,,Tan,,,reported,,2
Rob,,Szypko,,,reported,,3
Rikki,,Novetsky,,,reported,,4
Eric,,Krupke,,,reported,,5
Patricia,,Willens,,,reported,,6
Lisa,,Chow,,,reported,,7
Mike,,Benoist,,,reported,,8
Marion,,Lozano,,,reported,,9
Dan,,Powell,,,reported,,10
Chris,,Wood,,,reported,,11
Pati,,Jinich,,,reported,,1
Christina,,Jewett,,,reported,,1
Julia,,Carmel,,,reported,,1
Jessica,,Grose,,,reported,,1
Nancy,,Wartik,,,reported,,1
Jonathan,,Wolfe,,,reported,,2
Anahad,,O'Connor,,,reported,,1
Amanda,,Morris,,,reported,,1
Christina,,Jewett,,,reported,,2
Nicholas,,Bogel-Burroughs,,,reported,,3
Christine,,Hauser,,,reported,,1
Livia,,Albeck-Ripka,,,reported,,1
David,,Gelles,,,reported,,1
Julie,,Creswell,,,reported,,1
Madeleine,,Ngo,,,reported,,2
Catherine,,Pearson,,,reported,,1
Keith,,Bradsher,,,reported,,1
Christina,,Jewett,,,reported,,1
Michael,,,,,reported,,1
Nancy,,Wartik,,,reported,,1
Jonathan,,Wolfe,,,reported,,2
Edgar,,Sandoval,,,reported,,1
Amanda,,Morris,,,reported,,2
Madeleine,,Ngo,,,reported,,3
Annie,,Karni,,,reported,,1
Emily,,Cochrane,,,reported,,2
Jessica,,Grose,,,reported,,1
Jack,,Nicas,,,reported,,1
André,,Spigariol,,,reported,,2
Apoorva,,Mandavilli,,,reported,,1
Alan,,Rappeport,,,reported,,1
Patricia,,Cohen,,,reported,,2
Anna,,Perling,,,reported,,1
Emily,,Cochrane,,,reported,,1
Peter,S.,Goodman,,,reported,,1
Ruth,,Maclean,,,reported,,2
Salman,,Masood,,,reported,,3
Elif,,Ince,,,reported,,4
Flávia,,Milhorance,,,reported,,5
Muktita,,Suhartono,,,reported,,6
Brenda,,Kiven,,,reported,,7
Sharon,,LaFraniere,,,reported,,1
Suraj,,Patel,,,reported,,1
Christina,,Jewett,,,reported,,1
Karen,,Demasters,,,reported,,1
Larry,,Dorman,,,reported,,1
Ben,,ROTHENBERG,,,reported,,1
Bernie,,Beglane,,,reported,,1
Frank,,Litsky,,,reported,,1
Peter,,Baker,,,reported,,1
Murray,,Chass,,,reported,,1
Mitch,,Abramson,,,reported,,1
Michael,,Cooper,,,reported,,1
Patrick,,Healy,,,reported,,1
Patrick,,Healy,,,reported,,1
Binyamin,,Appelbaum,,,reported,,1
Jeff,,Zeleny,,,reported,,1
Jeff,,ZELENY,,,reported,,1
Dow,,Jones,,,reported,,1
Emily,,Schmall,,,reported,,1
George,,McGovern,,,reported,,1
Jim,,McGovern,,,reported,,2
Dow,,Jones,,,reported,,1
Julie,,Bosman,,,reported,,1
Seth,,Schiesel,,,reported,,1
Nada,,Bakri,,,reported,,1
Michael,,Cooper,,,reported,,1
Upi,,,,,reported,,1
Murray,,Chass,,,reported,,1
Dave,,ITZKOFF,,,reported,,1
Jeff,,ZELENY,,,reported,,1
Frank,,Litsky,,,reported,,1
,,,,,reported,,1
Jeffrey,,Gettleman,,,reported,,1
Josh,,Kron,,,reported,,2
Bloomberg,,News,,,reported,,1
Graham,,Bowley,,,reported,,1
Janet,,Allon,,,reported,,1
A.,G.,Sulzberger,,,reported,,1
Gardiner,,Harris,,,reported,,1
Russ,,Buettner,,,reported,,1
Charles,V.,Bagli,,,reported,,2
Mohamed,,IBRAHIM,,,reported,,1
Jeffrey,,GETTLEMAN,,,reported,,2
Nazila,,Fathi,,,reported,,1
Vinod,,Sreeharsha,,,reported,,1
Alexei,,Barrionuevo,,,reported,,2
Jonathan,P.,Hicks,,,reported,,1
Ashley,,Southall,,,reported,,1
Jonathan,,Rabinovitz,,,reported,,1
Dealbook,,,,,reported,,1
Dealbook,,,,,reported,,1
Emily,,,,,reported,,1
Stuart,,Elliott,,,reported,,1
Lindsay,,Crouse,,,reported,,1
Manuela,,Andreoni,,,reported,,1
Somini,,Sengupta,,,reported,,1
Henry,,Fountain,,,reported,,1
Somini,,Sengupta,,,reported,,1
Manuela,,Andreoni,,,reported,,1
Manuela,,Andreoni,,,reported,,1
Somini,,Sengupta,,,reported,,1
Somini,,Sengupta,,,reported,,1
Manuela,,Andreoni,,,reported,,1
Somini,,Sengupta,,,reported,,1
Somini,,Sengupta,,,reported,,1
Somini,,Sengupta,,,reported,,1
Somini,,Sengupta,,,reported,,1
Somini,,Sengupta,,,reported,,1
Somini,,Sengupta,,,reported,,1
Damien,,Cave,,,reported,,1
Somini,,Sengupta,,,reported,,1
Somini,,Sengupta,,,reported,,1
Manuela,,Andreoni,,,reported,,1
Somini,,Sengupta,,,reported,,1
Somini,,Sengupta,,,reported,,1
Somini,,Sengupta,,,reported,,1
Somini,,Sengupta,,,reported,,1
Somini,,Sengupta,,,reported,,1
Somini,,Sengupta,,,reported,,1
Somini,,Sengupta,,,reported,,1
Somini,,Sengupta,,,reported,,1
Elisabeth,,Egan,,,reported,,1
Somini,,Sengupta,,,reported,,1
Youtube,,,,,reported,,1
Brenda,,Fowler,,,reported,,1
Brian,,Stelter,,,reported,,1
Bill,,Cunningham,,,reported,,1
Norihiro,,Kato,,,reported,,1
Sinan,,Ulgen,,,reported,,1
Dave,,Itzkoff,,,reported,,1
Adam,,,,,reported,,1
Lauren,,Jackson,,,reported,,1
Mahima,,Chablani,,,reported,,2
Desiree,,Ibekwe,,,reported,,3
Kathryn,,Branch,,,reported,,1
,,,,,reported,,1
Suzy,,Menkes,,,reported,,1
William,,Safire,,,reported,,1
Sam,,Sifton,,,reported,,1
Tori,,Tellem,,,reported,,1
Jazmin,,Aguilera,,,reported,,1
Danielle,,Allentuck,,,reported,,2
Nancy,,Coleman,,,reported,,3
Rebecca,,Liebson,,,reported,,4
Devi,,Lockwood,,,reported,,5
Brittainy,,Newman,,,reported,,6
Amelia,,Nierenberg,,,reported,,7
Mariel,,Padilla,,,reported,,8
Aaron,,Randle,,,reported,,9
Andrea,,Salcedo,,,reported,,10
Tala,,Schlossberg,,,reported,,11
Haley,,Willis,,,reported,,12
Felicia,,Vasquez,,,reported,,13
Jake,,Nevins,,,reported,,14
David,,Yaffe-Bellany,,,reported,,15
Roy,S.,Johnson,,,reported,,1
Kate,,Bolick,,,reported,,1
C.,Claiborne,Ray,,,reported,,1
Verlyn,,Klinkenborg,,,reported,,1
Gail,,Collins,,,reported,,1
Jules,,Feiffer,,,reported,,1
Kate,,Phillips,,,reported,,1
Judy,,Battista,,,reported,,1
Timothy,W.,Smith,,,reported,,1
,,,,,reported,,1
Kofi,,Annan,,,reported,,1
Charles,,,,,reported,,1
Henry,A.,Kissinger,,,reported,,1
Timothy,W.,Smith,,,reported,,1
Stephen,,Elliott,,,reported,,1
Bill,,Cunningham,,,reported,,1
Reviews,Dave,Itzkoff,,,reported,,1
Bret,,Stephens,,,reported,,1
Nytimes,,,,,reported,,1
Mert,,Alas,,,reported,,1
Marcus,,Piggott,,,reported,,2
Ibrahim,,Kamara,,,reported,,3
David,,Callahan,,,reported,,1
Suzy,,Menkes,,,reported,,1
Karen,,Rosenberg,,,reported,,1
Anna,,Quindlen,,,reported,,1
Roslyn,,Sulcas,,,reported,,1
J.,David,GOODMAN,,,reported,,1
Priscilla,,Chan,,,reported,,1
Bridget,,Anderson,,,reported,,2
Andrew,H.,Malcolm,,,reported,,1
Rob,,Cox,,,reported,,1
Robert,,Cyran,,,reported,,2
Joseph,,,,,reported,,1
Robert,,Hurtado,,,reported,,1
Ken,,Johnson,,,reported,,1
Deb,,Amlen,,,reported,,1
Patrick,,McGeehan,,,reported,,1
David,,Leonhardt,,,reported,,1
Robert,A.,Bennett,,,reported,,1
Dealbook,,,,,reported,,1
Judith,,Rehak,,,reported,,1
International,Herald,Tribune,,,reported,,2
Carolyn,,SAYRE,,,reported,,1
Jill,P.,Capuzzo,,,reported,,1
Marshall,,Schuon,,,reported,,1
Joseph,,,,,reported,,1
Sal,,Nuccio,,,reported,,1
Joseph,,,,,reported,,1
Ben,,Sisario,,,reported,,1
Patrick,,McGuire,,,reported,,1
Pamela,G.,Hollie,,,reported,,1
Tara,Siegel,Bernard,,,reported,,1
Kenneth,,Chang,,,reported,,1
John,,Harwood,,,reported,,1
Victor,,Lusinchi,,,reported,,1
Dealbook,,,,,reported,,1
Pamela,G.,Hollie,,,reported,,1
Aubrey,,DIEM,,,reported,,1
Annie,,Lowrey,,,reported,,1
David,,Kocieniewski,,,reported,,2
Sewell,,Chan,,,reported,,1
David,,Giambusso,,,reported,,2
Joseph,,,,,reported,,1
John,,Leonard,,,reported,,1
Damon,,Darlin,,,reported,,1
David,Cay,Johnston,,,reported,,1
Jay,,Romano,,,reported,,1
Adolph,S.,ZIEGLER,,,reported,,1
Joseph,,,,,reported,,1
John,H.,Allan,,,reported,,1
Cheryl,,Jensen,,,reported,,1
Tara,Siegel,Bernard,,,reported,,1
David,,Leonhardt,,,reported,,1
Eileen,Shanahanspecial,To,,,reported,,1
Fred,R.,Bleakley,,,reported,,1
Virginia,,Pope,,,reported,,1
David,E.,Rosenbaum,,,reported,,1
Robin,,Toner,,,reported,,2
David,,,,,reported,,1
Anna,,Bernasek,,,reported,,1
Bloomberg,,News,,,reported,,1
Sal,,Nuccio,,,reported,,1
Constance,L.,Hays,,,reported,,1
David,,Colman,,,reported,,1
John,H.,Allan,,,reported,,1
Robert,,Metz,,,reported,,1
Robert,J.,Cole,,,reported,,1
Clyde,H.,Farnsworth,,,reported,,1
,,,,,reported,,2
Robert,,Metz,,,reported,,1
Andree,,Brooks,,,reported,,1
Grace,,Glueck,,,reported,,1
Karen,W.,Arenson,,,reported,,1
Robert,N.,Veres,,,reported,,1
,,,,,reported,,1
Dealbook,,,,,reported,,1
Andree,,Brooks,,,reported,,1
Robert,Lindsey,Special,,,reported,,1
Lynnley,,Browning,,,reported,,1
Lawrence,K.,Altman,,,reported,,1
,,,,,reported,,2
Dave,,Caldwell,,,reported,,1
Bernard,,Gladstone,,,reported,,1
Sal,,Nuccio,,,reported,,1
Rachelle,,Garbarine,,,reported,,1
Kurt,,Streeter,,,reported,,1
Michael,,Powell,,,reported,,1
Mitch,,Smith,,,reported,,1
Joe,,Drape,,,reported,,1
Christopher,,Clarey,,,reported,,1
Oskar,,Garcia,,,reported,,1
Remy,,Tumin,,,reported,,1
Christopher,,Clarey,,,reported,,1
Alan,,Blinder,,,reported,,1
Tyler,,Kepner,,,reported,,1
Kurt,,Streeter,,,reported,,1
Richard,,Sandomir,,,reported,,1
David,,Waldstein,,,reported,,1
James,,Wagner,,,reported,,1
David,W.,Chen,,,reported,,1
Sopan,,Deb,,,reported,,1
Tania,,Ganguli,,,reported,,1
Sopan,,Deb,,,reported,,1
Wesley,,Morris,,,reported,,1
Elyssa,,Dudley,,,reported,,2
Hans,,Buetow,,,reported,,3
Mahima,,Chablani,,,reported,,4
Sasha,,Weiss,,,reported,,5
Marion,,Lozano,,,reported,,6
Benjamin,,Hoffman,,,reported,,1
Tariq,,Panja,,,reported,,1
Christopher,,Clarey,,,reported,,1
Benjamin,,Mullin,,,reported,,1
David,,Waldstein,,,reported,,1
Matthew,,Futterman,,,reported,,1
David,W.,Chen,,,reported,,1
Scott,,Cacciola,,,reported,,1
Victor,,Mather,,,reported,,1
Kevin,,Draper,,,reported,,2
Joe,,Drape,,,reported,,1
Billy,,Witz,,,reported,,1
Travis,,Dove,,,reported,,2
Andrew,,Keh,,,reported,,1
Rachel,,Fairbank,,,reported,,1
Mike,,Tanier,,,reported,,1
Ken,,Belson,,,reported,,1
Jenny,,Vrentas,,,reported,,1
Mike,,Tanier,,,reported,,1
Jenny,,Vrentas,,,reported,,1
Shauntel,,Lowe,,,reported,,1
Emmanuel,,Morgan,,,reported,,1
Nate,,Cohn,,,reported,,1
Remy,,Tumin,,,reported,,1
Ken,,Belson,,,reported,,1
Alan,,Blinder,,,reported,,1
Joe,,Drape,,,reported,,1
Robert,,O'Connell,,,reported,,1
Alan,,Blinder,,,reported,,1
Maggie,,Astor,,,reported,,1
Emmanuel,,Morgan,,,reported,,1
Eduardo,,Medina,,,reported,,1
Kevin,,Randall,,,reported,,1
Morgan,,Campbell,,,reported,,1
Tania,,Ganguli,,,reported,,1
Sopan,,Deb,,,reported,,1
Tariq,,Panja,,,reported,,1
Joe,,Drape,,,reported,,1
Audra,,Melton,,,reported,,2
Remy,,Tumin,,,reported,,1
Tania,,Ganguli,,,reported,,1
Scott,,Cacciola,,,reported,,1
Alan,,Blinder,,,reported,,1
Tania,,Ganguli,,,reported,,1
Richard,,Pérez-Peña,,,reported,,1
Tania,,Ganguli,,,reported,,1
Bret,Anthony,Johnston,,,reported,,1
Remy,,Tumin,,,reported,,1
Remy,,Tumin,,,reported,,1
James,,Wagner,,,reported,,1
Remy,,Tumin,,,reported,,1
Christopher,,Clarey,,,reported,,1
Scott,,Cacciola,,,reported,,1
Emmanuel,,Morgan,,,reported,,1
James,,Wagner,,,reported,,1
Jenny,,Vrentas,,,reported,,1
Kevin,,Draper,,,reported,,2
Tyler,,Kepner,,,reported,,1
John,,Branch,,,reported,,1
Christopher,,Clarey,,,reported,,1
Molly,,Worthen,,,reported,,1
Ken,,Belson,,,reported,,1
Billy,,Witz,,,reported,,1
James,,Wagner,,,reported,,1
Christie,,Aschwanden,,,reported,,1
James,,Wagner,,,reported,,1
Billy,,Witz,,,reported,,1
Tyler,,Kepner,,,reported,,1
Jenny,,Vrentas,,,reported,,1
Emmanuel,,Morgan,,,reported,,2
Alan,,Blinder,,,reported,,1
Tyler,,Kepner,,,reported,,1
David,W.,Chen,,,reported,,1
James,,Wagner,,,reported,,1
Jake,,Nevins,,,reported,,1
David,,Marchese,,,reported,,1
Shannon,,Doyne,,,reported,,1
Emmanuel,,Morgan,,,reported,,1
Tyler,,Kepner,,,reported,,1
Benjamin,,Hoffman,,,reported,,1
Vanessa,,Friedman,,,reported,,1
Billy,,Witz,,,reported,,1
James,,Wagner,,,reported,,1
Michael,,Paulson,,,reported,,1
Maggie,,Haberman,,,reported,,1
Maria,,Cramer,,,reported,,1
Thomas,,,,,reported,,1
Natalie,,Kitroeff,,,reported,,1
Ellen,,Barry,,,reported,,1
David,,,,,reported,,1
John,,Holl,,,reported,,1
S.,Whitney,HOLMES,,,reported,,1
Paul,,Krugman,,,reported,,1
Alan,,Lee,,,reported,,1
Megan,,Thee,,,reported,,1
Megan,,THEE,,,reported,,1
Dealbook,,,,,reported,,1
Caitlin,,Lovinger,,,reported,,1
Carl,,Hulse,,,reported,,1
John,,Sullivan,,,reported,,1
Bloomberg,,News,,,reported,,1
Stewart,,Ain,,,reported,,1
Milt,,Freudenheim,,,reported,,1
Henry,,Giniger,,,reported,,2
Richard,,Levine,,,reported,,3
James,,Glanz,,,reported,,1
Edward,,Wong,,,reported,,1
Natasha,,Singer,,,reported,,2
,,,,,reported,,1
Bloomberg,,News,,,reported,,1
Edward,,Wyatt,,,reported,,1
Elsa,,Brenner,,,reported,,1
Jonathan,,Weisman,,,reported,,1
Tom,,Wicker,,,reported,,1
Dow,,Jones,,,reported,,1
,,,,,reported,,1
David,,,,,reported,,1
Jeff,Z.,Klein,,,reported,,1
Leonard,,Sloane,,,reported,,1
Jon,,CARAMANICA,,,reported,,1
Jennifer,,Medina,,,reported,,1
,,,,,reported,,1
Richard,Lezin,Jones,,,reported,,1
,,,,,reported,,1
Daniel,J.,Wakin,,,reported,,1
Jeremy,,Pearce,,,reported,,1
John,,Branch,,,reported,,1
Steven,,Erlanger,,,reported,,1
Rafael,,Hermoso,,,reported,,1
Matt,,Apuzzo,,,reported,,1
John,,Eligon,,,reported,,2
Brad,,SPURGEON,,,reported,,1
Elizabeth,,Kolbert,,,reported,,1
Lisa,,Prevost,,,reported,,1
Murray,,Chass,,,reported,,1
,,,,,reported,,2
Brad,,Spurgeon,,,reported,,1
Jay,,Romano,,,reported,,1
Alissa,J.,Rubin,,,reported,,1
Richard,A.,Oppel,Jr,,reported,,2
Tom,,Zeller,Jr,,reported,,1
David,,Segal,,,reported,,1
,,,,,reported,,1
Dave,,Caldwell,,,reported,,1
Bloomberg,,News,,,reported,,1
Marc,,Lacey,,,reported,,1
Ginger,,Thompson,,,reported,,2
Adam,,Goodheart,,,reported,,1
Zachary,,Small,,,reported,,1
Richard,,Sandomir,,,reported,,1
Michael,,Wright,,,reported,,1
Caroline,Rand,Herron,,,reported,,2
Murray,,Chass,,,reported,,1
Lizette,,Alvarez,,,reported,,1
Bloomberg,,News,,,reported,,1
William,,Manchester,,,reported,,1
James,F.,Clarity,,,reported,,1
Milt,,Freudenheim,,,reported,,2
Katherine,,Roberts,,,reported,,3
Gustav,,Niebuhr,,,reported,,1
Isabel,,Kershner,,,reported,,1
Scott,,Sayare,,,reported,,1
Don,,Kirk,,,reported,,1
Bloomberg,,News,,,reported,,1
